               epoch,      train/box_loss,      train/obj_loss,      train/cls_loss,   metrics/precision,      metrics/recall,     metrics/mAP_0.5,metrics/mAP_0.5:0.95,        val/box_loss,        val/obj_loss,        val/cls_loss,               x/lr0,               x/lr1,               x/lr2
                   0,             0.11493,             0.10373,                   0,          0.00066667,             0.02381,          0.00072142,          7.2142e-05,              0.1069,            0.091959,                   0,               1e-05,               1e-05,             0.09991
                   1,             0.11225,             0.10206,                   0,                   0,                   0,                   0,                   0,             0.10506,            0.094782,                   0,          2.9999e-05,          2.9999e-05,             0.09973
                   2,             0.10902,            0.095028,                   0,          0.00066667,             0.02381,          0.00036892,          3.6892e-05,             0.10265,            0.098548,                   0,          4.9996e-05,          4.9996e-05,             0.09955
                   3,             0.10969,             0.11125,                   0,           0.0033333,             0.11905,            0.002673,          0.00030419,             0.10011,             0.10253,                   0,          6.9986e-05,          6.9986e-05,             0.09937
                   4,             0.10436,              0.1045,                   0,            0.013333,             0.47619,            0.011711,           0.0014484,            0.097068,             0.10735,                   0,          8.9968e-05,          8.9968e-05,             0.09919
                   5,             0.10634,             0.11543,                   0,            0.018667,             0.66667,            0.015767,           0.0029739,            0.094244,             0.11178,                   0,          0.00010994,          0.00010994,             0.09901
                   6,             0.10374,              0.1229,                   0,            0.022667,             0.80952,            0.022497,           0.0047561,            0.091736,             0.11567,                   0,           0.0001299,           0.0001299,             0.09883
                   7,             0.10198,             0.12218,                   0,            0.022667,             0.80952,            0.022497,            0.005596,            0.089384,              0.1193,                   0,          0.00014984,          0.00014984,             0.09865
                   8,             0.10099,             0.12773,                   0,            0.022667,             0.80952,            0.022491,           0.0058331,            0.087227,             0.12256,                   0,          0.00016976,          0.00016976,             0.09847
                   9,              0.1013,             0.14516,                   0,            0.022667,             0.80952,            0.022491,           0.0059113,            0.085491,             0.12511,                   0,          0.00018966,          0.00018966,             0.09829
                  10,             0.09692,             0.14209,                   0,            0.022667,             0.80952,            0.022491,           0.0059178,            0.083768,             0.12759,                   0,          0.00020954,          0.00020954,             0.09811
                  11,            0.098156,             0.13549,                   0,               0.022,             0.78571,            0.021871,           0.0058712,            0.082416,             0.12942,                   0,          0.00022939,          0.00022939,            0.097929
                  12,            0.097308,             0.13363,                   0,               0.022,             0.78571,            0.021871,           0.0058712,            0.080815,             0.13167,                   0,          0.00024921,          0.00024921,            0.097749
                  13,            0.096521,             0.13312,                   0,               0.022,             0.78571,             0.02117,           0.0057806,            0.079309,             0.13379,                   0,            0.000269,            0.000269,            0.097569
                  14,            0.094849,             0.14054,                   0,               0.022,             0.78571,             0.02122,           0.0056202,            0.077981,             0.13564,                   0,          0.00028876,          0.00028876,            0.097389
                  15,            0.092102,             0.11866,                   0,               0.022,             0.78571,            0.020449,           0.0054878,            0.076703,             0.13745,                   0,          0.00030847,          0.00030847,            0.097208
                  16,            0.093983,             0.14067,                   0,               0.022,             0.78571,            0.021871,           0.0057493,             0.07554,             0.13908,                   0,          0.00032815,          0.00032815,            0.097028
                  17,            0.091654,             0.14542,                   0,               0.024,             0.85714,            0.023885,           0.0063247,            0.074604,             0.14033,                   0,          0.00034779,          0.00034779,            0.096848
                  18,            0.092368,             0.11595,                   0,               0.022,             0.78571,            0.020077,           0.0054184,            0.073956,             0.14118,                   0,          0.00036738,          0.00036738,            0.096667
                  19,            0.097609,             0.13886,                   0,               0.022,             0.78571,            0.020449,           0.0055656,            0.073792,             0.14125,                   0,          0.00038692,          0.00038692,            0.096487
                  20,             0.09138,             0.12984,                   0,               0.022,             0.78571,             0.02122,           0.0058229,            0.073607,             0.14139,                   0,          0.00040642,          0.00040642,            0.096306
                  21,            0.091763,             0.12618,                   0,               0.022,             0.78571,             0.02122,           0.0059658,            0.073206,             0.14192,                   0,          0.00042586,          0.00042586,            0.096126
                  22,            0.092447,             0.12928,                   0,            0.024667,             0.88095,            0.024557,           0.0067553,            0.072974,             0.14218,                   0,          0.00044524,          0.00044524,            0.095945
                  23,             0.08872,             0.12644,                   0,               0.022,             0.78571,             0.02117,           0.0058522,            0.072613,             0.14266,                   0,          0.00046457,          0.00046457,            0.095765
                  24,            0.089727,             0.13127,                   0,            0.025333,             0.90476,            0.025422,            0.006727,            0.072123,             0.14337,                   0,          0.00048384,          0.00048384,            0.095584
                  25,            0.089661,             0.12329,                   0,            0.022667,             0.80952,            0.021616,           0.0058365,            0.071588,             0.14415,                   0,          0.00050305,          0.00050305,            0.095403
                  26,            0.089871,             0.13098,                   0,            0.024667,             0.88095,            0.024626,           0.0065152,            0.071097,             0.14483,                   0,          0.00052219,          0.00052219,            0.095222
                  27,            0.088506,             0.14702,                   0,            0.024667,             0.88095,            0.025209,           0.0066255,            0.071006,             0.14485,                   0,          0.00054126,          0.00054126,            0.095041
                  28,             0.09317,             0.14395,                   0,            0.025333,             0.90476,             0.02434,           0.0062841,            0.070978,             0.14477,                   0,          0.00056027,          0.00056027,             0.09486
                  29,            0.096633,             0.13724,                   0,            0.024667,             0.88095,            0.024119,            0.006419,            0.071205,             0.14431,                   0,           0.0005792,           0.0005792,            0.094679
                  30,            0.094093,             0.16031,                   0,               0.024,             0.85714,            0.023936,           0.0062562,            0.071864,             0.14315,                   0,          0.00059806,          0.00059806,            0.094498
                  31,            0.091505,             0.14797,                   0,               0.024,             0.85714,            0.023976,           0.0063232,            0.072339,             0.14231,                   0,          0.00061684,          0.00061684,            0.094317
                  32,            0.092949,             0.14927,                   0,               0.024,             0.85714,            0.023844,           0.0061963,            0.072767,             0.14155,                   0,          0.00063554,          0.00063554,            0.094136
                  33,            0.093151,             0.13222,                   0,               0.024,             0.85714,            0.024669,           0.0064851,             0.07342,             0.14046,                   0,          0.00065416,          0.00065416,            0.093954
                  34,            0.094639,             0.15432,                   0,               0.024,             0.85714,            0.023944,            0.006356,            0.074023,             0.13947,                   0,          0.00067269,          0.00067269,            0.093773
                  35,            0.093532,             0.15473,                   0,               0.024,             0.85714,            0.024581,           0.0061269,            0.074789,             0.13824,                   0,          0.00069114,          0.00069114,            0.093591
                  36,            0.092171,              0.1408,                   0,               0.024,             0.85714,            0.023908,           0.0063035,            0.075169,             0.13765,                   0,          0.00070949,          0.00070949,            0.093409
                  37,            0.092658,             0.14002,                   0,               0.024,             0.85714,            0.024304,           0.0062654,            0.075342,             0.13736,                   0,          0.00072776,          0.00072776,            0.093228
                  38,            0.086865,             0.12883,                   0,            0.024616,             0.78571,            0.024876,           0.0065861,            0.074487,             0.13869,                   0,          0.00074593,          0.00074593,            0.093046
                  39,            0.091297,             0.13223,                   0,            0.025189,             0.85714,            0.025065,           0.0067704,            0.074026,             0.13939,                   0,          0.00076401,          0.00076401,            0.092864
                  40,            0.088642,             0.16387,                   0,            0.024667,             0.88095,            0.025182,           0.0063758,            0.073269,             0.14052,                   0,          0.00078199,          0.00078199,            0.092682
                  41,            0.085157,             0.12801,                   0,            0.024667,             0.88095,            0.027504,           0.0066842,            0.072294,             0.14197,                   0,          0.00079987,          0.00079987,              0.0925
                  42,             0.08899,             0.13008,                   0,            0.025333,             0.90476,            0.026428,            0.006637,            0.071588,             0.14303,                   0,          0.00081764,          0.00081764,            0.092318
                  43,            0.089938,               0.124,                   0,            0.025333,             0.90476,            0.028433,           0.0069907,            0.071135,             0.14372,                   0,          0.00083531,          0.00083531,            0.092135
                  44,            0.088238,              0.1423,                   0,            0.025333,             0.90476,             0.02592,           0.0060826,            0.070721,             0.14433,                   0,          0.00085287,          0.00085287,            0.091953
                  45,            0.091786,              0.1639,                   0,            0.025333,             0.90476,            0.027659,           0.0065878,            0.070893,             0.14403,                   0,          0.00087033,          0.00087033,             0.09177
                  46,            0.087546,             0.12543,                   0,            0.025333,             0.90476,            0.026009,            0.006066,            0.070726,             0.14425,                   0,          0.00088767,          0.00088767,            0.091588
                  47,            0.089059,             0.12207,                   0,               0.026,             0.92857,            0.026805,           0.0061738,            0.070362,             0.14481,                   0,           0.0009049,           0.0009049,            0.091405
                  48,            0.091796,             0.16433,                   0,               0.026,             0.92857,            0.028305,           0.0066222,            0.070496,             0.14458,                   0,          0.00092201,          0.00092201,            0.091222
                  49,            0.091379,             0.13955,                   0,            0.024667,             0.88095,            0.025917,           0.0061196,            0.070865,             0.14399,                   0,            0.000939,            0.000939,            0.091039
                  50,            0.087936,             0.15861,                   0,            0.025333,             0.90476,            0.026162,           0.0061901,            0.070949,             0.14383,                   0,          0.00095587,          0.00095587,            0.090856
                  51,            0.083924,             0.12927,                   0,            0.026696,             0.66667,            0.025867,           0.0062267,             0.07077,             0.14407,                   0,          0.00097263,          0.00097263,            0.090673
                  52,            0.090858,             0.15195,                   0,             0.02545,             0.88095,            0.026825,           0.0066623,            0.071034,             0.14364,                   0,          0.00098925,          0.00098925,            0.090489
                  53,            0.091743,             0.15195,                   0,             0.02507,             0.88095,            0.027339,           0.0063816,            0.071415,             0.14306,                   0,           0.0010058,           0.0010058,            0.090306
                  54,            0.087074,             0.13593,                   0,            0.025592,             0.90476,            0.028296,           0.0066116,            0.071551,             0.14285,                   0,           0.0010221,           0.0010221,            0.090122
                  55,            0.089964,              0.1448,                   0,            0.024768,             0.88095,            0.027319,           0.0062934,            0.071934,             0.14225,                   0,           0.0010384,           0.0010384,            0.089938
                  56,            0.089888,              0.1442,                   0,            0.024685,             0.88095,            0.027534,           0.0063696,            0.072442,             0.14149,                   0,           0.0010545,           0.0010545,            0.089754
                  57,            0.088795,             0.15701,                   0,            0.025333,             0.90476,             0.02963,           0.0068644,            0.072839,             0.14089,                   0,           0.0010705,           0.0010705,             0.08957
                  58,            0.091034,             0.16366,                   0,            0.024667,             0.88095,            0.027917,           0.0067199,            0.073506,             0.13989,                   0,           0.0010863,           0.0010863,            0.089386
                  59,            0.089169,             0.15879,                   0,               0.024,             0.85714,            0.026303,            0.006195,            0.073951,             0.13924,                   0,            0.001102,            0.001102,            0.089202
                  60,            0.086465,             0.16245,                   0,               0.024,             0.85714,            0.028146,           0.0065363,            0.074002,             0.13917,                   0,           0.0011176,           0.0011176,            0.089018
                  61,            0.087747,             0.14605,                   0,            0.024667,             0.88095,            0.028459,           0.0065673,            0.073838,             0.13943,                   0,            0.001133,            0.001133,            0.088833
                  62,            0.087395,             0.14638,                   0,            0.025333,             0.90476,            0.028164,           0.0060853,            0.073474,             0.14001,                   0,           0.0011483,           0.0011483,            0.088648
                  63,            0.090794,             0.16901,                   0,            0.025333,             0.90476,            0.028605,           0.0063428,            0.073648,             0.13977,                   0,           0.0011634,           0.0011634,            0.088463
                  64,            0.087083,             0.14941,                   0,            0.025333,             0.90476,            0.028525,           0.0062679,             0.07383,             0.13951,                   0,           0.0011784,           0.0011784,            0.088278
                  65,             0.08725,             0.15503,                   0,            0.025333,             0.90476,            0.028791,           0.0064193,            0.073854,             0.13949,                   0,           0.0011932,           0.0011932,            0.088093
                  66,            0.090345,             0.17364,                   0,            0.025333,             0.90476,            0.028339,           0.0062309,             0.07416,             0.13905,                   0,           0.0012079,           0.0012079,            0.087908
                  67,             0.08656,             0.13922,                   0,            0.025333,             0.90476,            0.030231,           0.0067119,            0.074119,             0.13913,                   0,           0.0012224,           0.0012224,            0.087722
                  68,             0.08791,             0.14882,                   0,            0.024667,             0.88095,            0.028364,            0.006161,            0.074137,             0.13913,                   0,           0.0012368,           0.0012368,            0.087537
                  69,            0.084098,             0.12342,                   0,               0.026,             0.92857,            0.030492,           0.0065576,            0.073629,             0.13987,                   0,           0.0012511,           0.0012511,            0.087351
                  70,            0.088186,             0.17532,                   0,            0.030354,             0.71429,            0.028357,           0.0061258,            0.073375,             0.14026,                   0,           0.0012651,           0.0012651,            0.087165
                  71,            0.088194,             0.15776,                   0,            0.029902,             0.83333,            0.038424,           0.0080111,            0.073431,             0.14017,                   0,            0.001279,            0.001279,            0.086979
                  72,            0.087295,             0.15879,                   0,            0.039379,             0.14286,            0.036861,            0.008263,            0.073488,             0.14008,                   0,           0.0012928,           0.0012928,            0.086793
                  73,            0.088065,             0.15947,                   0,            0.034763,             0.16667,            0.036292,           0.0081191,            0.073569,             0.13995,                   0,           0.0013064,           0.0013064,            0.086606
                  74,            0.088569,              0.1335,                   0,             0.08273,            0.056023,             0.04099,           0.0087824,             0.07375,             0.13968,                   0,           0.0013198,           0.0013198,             0.08642
                  75,            0.083789,             0.12013,                   0,            0.044655,             0.14286,            0.038313,           0.0091859,            0.073447,             0.14011,                   0,           0.0013331,           0.0013331,            0.086233
                  76,            0.088465,             0.17188,                   0,            0.058666,             0.19048,            0.041532,           0.0091943,            0.073656,             0.13976,                   0,           0.0013462,           0.0013462,            0.086046
                  77,            0.088024,             0.17636,                   0,            0.042145,             0.14286,            0.036022,           0.0084434,            0.074036,             0.13913,                   0,           0.0013591,           0.0013591,            0.085859
                  78,            0.088395,             0.14552,                   0,            0.028778,              0.7619,            0.031744,            0.007616,            0.074192,             0.13885,                   0,           0.0013719,           0.0013719,            0.085672
                  79,            0.084243,             0.14025,                   0,            0.028572,             0.71429,            0.033622,           0.0080038,             0.07403,             0.13899,                   0,           0.0013845,           0.0013845,            0.085484
                  80,            0.087585,             0.16429,                   0,            0.029518,             0.78571,             0.03385,           0.0087365,            0.074256,             0.13859,                   0,           0.0013969,           0.0013969,            0.085297
                  81,            0.085642,             0.16528,                   0,            0.034936,             0.16667,             0.03705,           0.0096236,            0.074467,             0.13824,                   0,           0.0014092,           0.0014092,            0.085109
                  82,            0.089265,              0.1473,                   0,            0.044599,            0.095238,             0.03363,           0.0092429,            0.074707,             0.13789,                   0,           0.0014213,           0.0014213,            0.084921
                  83,            0.085127,             0.12921,                   0,             0.04025,            0.095238,            0.029903,           0.0081321,            0.074291,             0.13853,                   0,           0.0014332,           0.0014332,            0.084733
                  84,            0.082366,             0.13884,                   0,            0.028389,              0.7381,            0.029581,           0.0078092,            0.074005,             0.13892,                   0,           0.0014449,           0.0014449,            0.084545
                  85,            0.086342,             0.13541,                   0,            0.033304,             0.33333,            0.030787,           0.0073429,            0.073652,             0.13947,                   0,           0.0014565,           0.0014565,            0.084356
                  86,            0.087641,             0.14604,                   0,            0.032682,             0.33333,            0.032731,           0.0078435,            0.073708,             0.13934,                   0,           0.0014678,           0.0014678,            0.084168
                  87,            0.085528,             0.14148,                   0,            0.050299,            0.095238,            0.034484,           0.0083244,            0.073662,             0.13937,                   0,            0.001479,            0.001479,            0.083979
                  88,            0.086383,             0.16279,                   0,            0.055007,            0.095238,            0.035962,           0.0085322,            0.073624,             0.13942,                   0,           0.0014901,           0.0014901,             0.08379
                  89,            0.087335,             0.16897,                   0,            0.042229,             0.16667,            0.035889,           0.0084701,            0.073792,             0.13914,                   0,           0.0015009,           0.0015009,            0.083601
                  90,             0.08453,             0.14827,                   0,            0.044653,             0.16667,            0.035312,           0.0090465,            0.073748,             0.13924,                   0,           0.0015116,           0.0015116,            0.083412
                  91,            0.086884,             0.14118,                   0,            0.033605,             0.35714,            0.032894,           0.0081159,            0.074025,             0.13881,                   0,            0.001522,            0.001522,            0.083222
                  92,            0.084438,             0.13925,                   0,            0.035264,             0.35714,             0.03473,           0.0071446,            0.074019,             0.13876,                   0,           0.0015323,           0.0015323,            0.083032
                  93,             0.08421,             0.14047,                   0,            0.049954,             0.47619,            0.042239,           0.0091266,            0.073887,             0.13905,                   0,           0.0015424,           0.0015424,            0.082842
                  94,            0.088551,             0.13458,                   0,            0.033466,             0.80952,            0.036685,           0.0085872,            0.073795,             0.13921,                   0,           0.0015524,           0.0015524,            0.082652
                  95,            0.087905,             0.14407,                   0,            0.027515,             0.69048,            0.029154,           0.0070433,             0.07387,             0.13909,                   0,           0.0015621,           0.0015621,            0.082462
                  96,             0.08314,             0.14508,                   0,            0.030756,             0.78571,            0.033294,           0.0078237,            0.073721,             0.13931,                   0,           0.0015717,           0.0015717,            0.082272
                  97,            0.086638,             0.16419,                   0,             0.03385,             0.83333,            0.037959,           0.0085426,            0.073754,             0.13931,                   0,            0.001581,            0.001581,            0.082081
                  98,            0.085901,              0.1366,                   0,            0.035715,             0.83333,            0.038444,           0.0081174,            0.073711,             0.13937,                   0,           0.0015902,           0.0015902,             0.08189
                  99,            0.086755,             0.13578,                   0,            0.037078,             0.83333,            0.038103,           0.0080738,            0.073846,             0.13914,                   0,           0.0015992,           0.0015992,            0.081699
                 100,            0.089107,             0.13118,                   0,            0.037078,             0.83333,            0.036771,           0.0082917,             0.07383,             0.13912,                   0,            0.001608,            0.001608,            0.081508
                 101,            0.087221,             0.12593,                   0,             0.03656,             0.80952,            0.037733,            0.007892,            0.073744,              0.1392,                   0,           0.0016166,           0.0016166,            0.081317
                 102,            0.088109,             0.13478,                   0,            0.038761,             0.83333,            0.043775,           0.0089109,            0.073688,             0.13923,                   0,            0.001625,            0.001625,            0.081125
                 103,             0.08956,             0.14834,                   0,            0.036078,              0.7619,            0.057204,            0.011369,            0.073779,             0.13905,                   0,           0.0016333,           0.0016333,            0.080933
                 104,            0.084116,             0.13961,                   0,              0.1472,             0.14286,            0.068481,            0.012612,             0.07382,             0.13894,                   0,           0.0016413,           0.0016413,            0.080741
                 105,            0.087997,             0.14394,                   0,            0.053657,             0.36587,             0.04927,           0.0099537,             0.07348,             0.13945,                   0,           0.0016492,           0.0016492,            0.080549
                 106,            0.083485,             0.14529,                   0,            0.055678,             0.38095,            0.047613,             0.01002,            0.073403,             0.13952,                   0,           0.0016568,           0.0016568,            0.080357
                 107,            0.085147,             0.14566,                   0,            0.055678,             0.38095,              0.0473,            0.010852,            0.073314,             0.13963,                   0,           0.0016643,           0.0016643,            0.080164
                 108,            0.092377,             0.16727,                   0,            0.058953,             0.40476,            0.048744,            0.011129,            0.073248,             0.13969,                   0,           0.0016716,           0.0016716,            0.079972
                 109,            0.087708,             0.12837,                   0,            0.063374,                 0.5,            0.054778,            0.012791,            0.073126,             0.13975,                   0,           0.0016787,           0.0016787,            0.079779
                 110,            0.081762,             0.16419,                   0,            0.071778,             0.57143,            0.070712,            0.015991,            0.072931,             0.13996,                   0,           0.0016856,           0.0016856,            0.079586
                 111,            0.087752,             0.13891,                   0,            0.057687,             0.45238,            0.064944,            0.016082,            0.072932,             0.13985,                   0,           0.0016923,           0.0016923,            0.079392
                 112,            0.090636,             0.15614,                   0,            0.059659,             0.48491,            0.062607,            0.013426,            0.073131,             0.13945,                   0,           0.0016988,           0.0016988,            0.079199
                 113,            0.087727,             0.14314,                   0,            0.058773,             0.59524,            0.058943,            0.012139,            0.073067,             0.13943,                   0,           0.0017051,           0.0017051,            0.079005
                 114,            0.084555,              0.1324,                   0,            0.053742,             0.52381,             0.05641,            0.011462,            0.072988,             0.13955,                   0,           0.0017112,           0.0017112,            0.078811
                 115,             0.08569,             0.13304,                   0,            0.053319,             0.54762,            0.054713,            0.011635,            0.073078,             0.13941,                   0,           0.0017171,           0.0017171,            0.078617
                 116,            0.086616,             0.14153,                   0,            0.071549,              0.2381,              0.0643,            0.013049,            0.073214,             0.13918,                   0,           0.0017229,           0.0017229,            0.078423
                 117,             0.08585,             0.15028,                   0,            0.070686,             0.28571,            0.058014,            0.012875,            0.073137,             0.13927,                   0,           0.0017284,           0.0017284,            0.078228
                 118,            0.086043,             0.13728,                   0,            0.066407,             0.30952,            0.055737,            0.012101,            0.073052,             0.13938,                   0,           0.0017338,           0.0017338,            0.078034
                 119,            0.085861,             0.13696,                   0,            0.076185,             0.33333,            0.062467,              0.0135,            0.073007,             0.13932,                   0,           0.0017389,           0.0017389,            0.077839
                 120,            0.087117,             0.14788,                   0,            0.055415,             0.71429,            0.057833,            0.012523,             0.07301,             0.13928,                   0,           0.0017439,           0.0017439,            0.077644
                 121,            0.087333,             0.16617,                   0,            0.077031,             0.30952,            0.064562,            0.014156,             0.07299,              0.1392,                   0,           0.0017487,           0.0017487,            0.077449
                 122,            0.085645,             0.14173,                   0,            0.075247,             0.30952,            0.060335,            0.013519,            0.072954,             0.13925,                   0,           0.0017533,           0.0017533,            0.077253
                 123,            0.087042,             0.14374,                   0,            0.072962,             0.33333,            0.069258,            0.013833,            0.072952,             0.13925,                   0,           0.0017576,           0.0017576,            0.077058
                 124,            0.085108,             0.14298,                   0,            0.073131,             0.30952,            0.070348,             0.01365,             0.07298,             0.13918,                   0,           0.0017618,           0.0017618,            0.076862
                 125,            0.085027,             0.13981,                   0,            0.050186,             0.52381,            0.062666,            0.014112,            0.072842,             0.13935,                   0,           0.0017659,           0.0017659,            0.076666
                 126,            0.082452,             0.13925,                   0,            0.061934,             0.54762,            0.068234,            0.017226,            0.072406,             0.13997,                   0,           0.0017697,           0.0017697,             0.07647
                 127,            0.086928,             0.16524,                   0,            0.060635,             0.50872,            0.066051,            0.015364,            0.072399,             0.13991,                   0,           0.0017733,           0.0017733,            0.076273
                 128,            0.083791,              0.1277,                   0,            0.058757,             0.45238,            0.070157,             0.01538,            0.072331,             0.13992,                   0,           0.0017767,           0.0017767,            0.076077
                 129,            0.084787,             0.14585,                   0,             0.10992,             0.14286,            0.071468,             0.01496,             0.07221,             0.13999,                   0,             0.00178,             0.00178,             0.07588
                 130,            0.085752,             0.14963,                   0,             0.11045,             0.16667,             0.07304,            0.015584,            0.072123,             0.14002,                   0,           0.0017831,           0.0017831,            0.075683
                 131,            0.084878,             0.15091,                   0,            0.099056,             0.19048,            0.065025,             0.01439,            0.072107,              0.1399,                   0,           0.0017859,           0.0017859,            0.075486
                 132,            0.083706,             0.12825,                   0,            0.048672,             0.45238,            0.061514,            0.013337,            0.071785,             0.14023,                   0,           0.0017886,           0.0017886,            0.075289
                 133,            0.088199,             0.15112,                   0,            0.091032,             0.19048,            0.063266,            0.013387,            0.071872,             0.13988,                   0,           0.0017911,           0.0017911,            0.075091
                 134,            0.089252,             0.16195,                   0,            0.077042,             0.18488,             0.05941,            0.012742,            0.072026,             0.13948,                   0,           0.0017934,           0.0017934,            0.074893
                 135,            0.088888,             0.14726,                   0,            0.074359,             0.19048,            0.058832,            0.012692,            0.072219,             0.13904,                   0,           0.0017956,           0.0017956,            0.074696
                 136,            0.087166,             0.13893,                   0,            0.058027,             0.54762,            0.055447,            0.012133,            0.072473,             0.13849,                   0,           0.0017975,           0.0017975,            0.074498
                 137,            0.084037,             0.14006,                   0,            0.055928,             0.52381,            0.054814,            0.012346,            0.072642,             0.13809,                   0,           0.0017993,           0.0017993,            0.074299
                 138,            0.085003,             0.13862,                   0,            0.075894,             0.21429,            0.056076,            0.012315,            0.072841,              0.1378,                   0,           0.0018009,           0.0018009,            0.074101
                 139,            0.087387,             0.13907,                   0,             0.06311,             0.19048,            0.055646,            0.012476,            0.073104,             0.13743,                   0,           0.0018023,           0.0018023,            0.073902
                 140,            0.084559,             0.16537,                   0,             0.06311,             0.19048,            0.052472,             0.01136,            0.073408,             0.13681,                   0,           0.0018035,           0.0018035,            0.073703
                 141,            0.086913,             0.14522,                   0,            0.045163,             0.83333,            0.050775,            0.011457,            0.073528,              0.1366,                   0,           0.0018045,           0.0018045,            0.073505
                 142,             0.08672,             0.14448,                   0,            0.073108,             0.11905,            0.051827,            0.011688,             0.07375,             0.13622,                   0,           0.0018054,           0.0018054,            0.073305
                 143,            0.086669,             0.15062,                   0,            0.070263,             0.11905,            0.058125,            0.012556,            0.073952,             0.13579,                   0,           0.0018061,           0.0018061,            0.073106
                 144,            0.085757,             0.16008,                   0,            0.057201,             0.42857,            0.063756,            0.013281,            0.074173,             0.13524,                   0,           0.0018066,           0.0018066,            0.072907
                 145,            0.085413,             0.13686,                   0,            0.072588,              0.2381,            0.065869,            0.014066,            0.074395,             0.13472,                   0,           0.0018069,           0.0018069,            0.072707
                 146,            0.085236,             0.14383,                   0,            0.069988,              0.2381,              0.0707,            0.014356,            0.074503,             0.13433,                   0,           0.0018071,           0.0018071,            0.072507
                 147,            0.084429,             0.15433,                   0,            0.091322,             0.30392,            0.079229,            0.016068,            0.074711,             0.13379,                   0,           0.0018071,           0.0018071,            0.072307
                 148,            0.088615,              0.1329,                   0,            0.092177,             0.33333,            0.081691,            0.016948,            0.074876,             0.13334,                   0,           0.0018069,           0.0018069,            0.072107
                 149,            0.083135,             0.12675,                   0,            0.073464,             0.71429,            0.073636,            0.015405,            0.074555,             0.13363,                   0,           0.0018065,           0.0018065,            0.071907
                 150,            0.085712,             0.14342,                   0,            0.075108,             0.78571,            0.072351,            0.015218,            0.074493,             0.13344,                   0,            0.001806,            0.001806,            0.071706
                 151,            0.086409,                0.13,                   0,            0.075671,             0.37815,            0.072446,            0.015568,            0.074212,             0.13354,                   0,           0.0018053,           0.0018053,            0.071505
                 152,            0.090655,               0.153,                   0,             0.07354,             0.42857,            0.069441,            0.014007,            0.074378,             0.13298,                   0,           0.0018045,           0.0018045,            0.071304
                 153,            0.083662,             0.14392,                   0,            0.076187,             0.52381,            0.067971,            0.013074,            0.074025,             0.13324,                   0,           0.0018034,           0.0018034,            0.071103
                 154,            0.082074,             0.14375,                   0,            0.062813,             0.78571,             0.07011,            0.013432,            0.073549,             0.13357,                   0,           0.0018022,           0.0018022,            0.070902
                 155,            0.090796,             0.13399,                   0,            0.062135,             0.47619,            0.062114,            0.011952,            0.073323,             0.13366,                   0,           0.0018009,           0.0018009,            0.070701
                 156,            0.084876,             0.17229,                   0,            0.069211,             0.57143,            0.060507,            0.012463,            0.072972,             0.13382,                   0,           0.0017994,           0.0017994,            0.070499
                 157,            0.086009,             0.13365,                   0,            0.068205,             0.57143,            0.062049,            0.012534,            0.072656,             0.13383,                   0,           0.0017977,           0.0017977,            0.070298
                 158,            0.086371,             0.14462,                   0,            0.063374,             0.58964,            0.059887,            0.011973,            0.072091,             0.13416,                   0,           0.0017959,           0.0017959,            0.070096
                 159,            0.087621,             0.14155,                   0,             0.06561,             0.66667,            0.059947,            0.011973,            0.071794,             0.13381,                   0,           0.0017939,           0.0017939,            0.069894
                 160,            0.081852,             0.12411,                   0,             0.06367,             0.66667,            0.057162,            0.011043,            0.071316,             0.13368,                   0,           0.0017918,           0.0017918,            0.069692
                 161,            0.085191,             0.14196,                   0,            0.060901,             0.66667,            0.057799,            0.011983,            0.070926,              0.1333,                   0,           0.0017895,           0.0017895,             0.06949
                 162,            0.086932,             0.14062,                   0,             0.05403,             0.47619,            0.051728,            0.010642,            0.070853,             0.13242,                   0,           0.0017871,           0.0017871,            0.069287
                 163,            0.085693,             0.11976,                   0,            0.057725,             0.69048,             0.05681,            0.012796,            0.070494,             0.13205,                   0,           0.0017845,           0.0017845,            0.069084
                 164,            0.081441,             0.12275,                   0,            0.058616,             0.54762,            0.056433,            0.013672,            0.070018,             0.13227,                   0,           0.0017818,           0.0017818,            0.068882
                 165,            0.086375,              0.1374,                   0,             0.07689,              0.2619,            0.060121,              0.0117,            0.069922,             0.13138,                   0,           0.0017789,           0.0017789,            0.068679
                 166,             0.08745,             0.11343,                   0,            0.076252,             0.28571,            0.060881,            0.011864,            0.069702,             0.13114,                   0,           0.0017759,           0.0017759,            0.068476
                 167,             0.09168,             0.12885,                   0,            0.086812,              0.2381,             0.06229,             0.01219,            0.069781,             0.13054,                   0,           0.0017727,           0.0017727,            0.068273
                 168,            0.085712,               0.106,                   0,            0.088962,             0.23715,            0.062718,            0.011445,             0.06973,             0.12975,                   0,           0.0017694,           0.0017694,            0.068069
                 169,            0.087673,             0.12836,                   0,            0.083315,              0.2381,            0.067885,            0.013877,            0.070002,             0.12862,                   0,            0.001766,            0.001766,            0.067866
                 170,            0.085124,             0.13196,                   0,            0.098896,             0.19048,            0.068216,            0.013928,            0.070382,             0.12729,                   0,           0.0017624,           0.0017624,            0.067662
                 171,            0.082731,             0.11082,                   0,            0.079872,             0.42857,            0.076139,            0.014595,            0.070533,              0.1259,                   0,           0.0017587,           0.0017587,            0.067459
                 172,            0.087011,             0.12362,                   0,            0.090923,             0.45238,            0.084568,            0.015495,            0.070709,             0.12462,                   0,           0.0017549,           0.0017549,            0.067255
                 173,            0.089584,             0.12755,                   0,            0.092294,             0.40476,            0.086627,            0.018766,            0.071406,             0.12262,                   0,           0.0017509,           0.0017509,            0.067051
                 174,            0.091414,             0.12604,                   0,            0.096208,             0.42857,            0.087768,            0.018685,            0.072609,             0.11985,                   0,           0.0017468,           0.0017468,            0.066847
                 175,            0.087881,              0.1364,                   0,            0.090321,             0.47619,             0.10143,             0.02168,            0.074397,             0.11582,                   0,           0.0017426,           0.0017426,            0.066643
                 176,            0.087712,              0.1365,                   0,            0.090764,             0.47619,            0.091362,            0.021525,            0.074759,             0.11452,                   0,           0.0017383,           0.0017383,            0.066438
                 177,            0.084714,             0.12616,                   0,             0.10089,             0.38095,            0.090109,            0.021268,            0.073763,             0.11583,                   0,           0.0017338,           0.0017338,            0.066234
                 178,            0.087287,             0.12839,                   0,             0.10695,             0.35714,            0.092354,            0.019967,            0.073152,             0.11751,                   0,           0.0017293,           0.0017293,            0.066029
                 179,            0.083851,             0.10617,                   0,              0.1304,             0.33333,             0.10803,            0.024363,            0.072489,             0.11726,                   0,           0.0017246,           0.0017246,            0.065825
                 180,            0.090421,             0.11399,                   0,             0.14682,             0.30952,             0.11258,            0.029711,            0.072801,              0.1154,                   0,           0.0017198,           0.0017198,             0.06562
                 181,            0.087027,             0.13962,                   0,             0.16231,             0.35714,               0.118,            0.030731,            0.072934,              0.1145,                   0,           0.0017149,           0.0017149,            0.065415
                 182,            0.085193,             0.11301,                   0,             0.15533,             0.33333,             0.13188,            0.027202,            0.073176,             0.11325,                   0,           0.0017099,           0.0017099,             0.06521
                 183,            0.088614,             0.11893,                   0,             0.14767,             0.40476,             0.12652,            0.030417,             0.07397,             0.11116,                   0,           0.0017047,           0.0017047,            0.065005
                 184,            0.084576,              0.1081,                   0,             0.16421,             0.35714,             0.15245,            0.033472,            0.074455,             0.10913,                   0,           0.0016995,           0.0016995,              0.0648
                 185,            0.084201,             0.11078,                   0,             0.17661,             0.47619,             0.17125,            0.048719,            0.073604,             0.10741,                   0,           0.0016942,           0.0016942,            0.064594
                 186,            0.086371,             0.11151,                   0,             0.18252,             0.47619,             0.17785,            0.053459,             0.07295,             0.10678,                   0,           0.0016888,           0.0016888,            0.064389
                 187,            0.086064,             0.11021,                   0,             0.19414,                 0.5,             0.20541,            0.054352,            0.072805,             0.10519,                   0,           0.0016832,           0.0016832,            0.064183
                 188,            0.083599,               0.109,                   0,             0.21593,             0.61905,             0.26593,            0.063705,            0.072644,             0.10449,                   0,           0.0016776,           0.0016776,            0.063978
                 189,            0.079588,            0.096683,                   0,             0.26811,             0.42857,             0.27782,            0.094994,            0.070407,             0.10539,                   0,           0.0016719,           0.0016719,            0.063772
                 190,            0.084855,             0.11366,                   0,             0.25561,             0.52381,             0.27489,             0.10494,            0.069434,             0.10624,                   0,           0.0016661,           0.0016661,            0.063566
                 191,             0.08244,             0.10153,                   0,             0.25298,             0.47619,             0.27886,            0.096604,            0.068029,             0.10693,                   0,           0.0016603,           0.0016603,             0.06336
                 192,             0.08232,             0.10747,                   0,             0.22685,             0.66667,             0.28469,              0.1002,             0.06735,              0.1061,                   0,           0.0016543,           0.0016543,            0.063154
                 193,            0.081778,            0.091122,                   0,             0.28684,             0.59524,             0.32337,             0.10568,             0.06649,             0.10737,                   0,           0.0016483,           0.0016483,            0.062948
                 194,            0.082953,            0.094376,                   0,             0.46644,             0.33304,             0.33902,             0.12419,            0.066458,             0.10504,                   0,           0.0016421,           0.0016421,            0.062742
                 195,            0.080175,             0.10683,                   0,             0.36154,             0.40476,             0.33428,             0.11851,            0.067026,             0.10319,                   0,            0.001636,            0.001636,            0.062536
                 196,            0.081965,             0.10677,                   0,             0.36713,             0.42857,             0.33325,             0.11093,            0.067933,             0.10125,                   0,           0.0016297,           0.0016297,             0.06233
                 197,            0.082716,             0.10796,                   0,             0.35247,             0.57143,             0.36167,             0.12144,            0.067802,            0.099163,                   0,           0.0016234,           0.0016234,            0.062123
                 198,             0.08014,             0.10067,                   0,             0.35968,             0.52381,             0.36778,             0.11719,            0.066525,            0.097289,                   0,            0.001617,            0.001617,            0.061917
                 199,            0.081642,             0.10334,                   0,             0.37216,             0.52381,             0.39526,             0.11921,            0.067272,            0.096764,                   0,           0.0016105,           0.0016105,            0.061711
                 200,            0.082492,             0.10442,                   0,             0.43533,             0.57143,             0.45437,             0.13101,            0.067563,            0.096779,                   0,            0.001604,            0.001604,            0.061504
                 201,            0.078143,            0.097811,                   0,             0.40589,             0.61905,             0.45814,             0.12568,              0.0666,            0.093874,                   0,           0.0015974,           0.0015974,            0.061297
                 202,            0.077721,             0.10103,                   0,             0.41772,             0.54659,             0.42856,             0.10711,            0.066659,            0.090961,                   0,           0.0015908,           0.0015908,            0.061091
                 203,            0.080971,             0.10708,                   0,             0.37679,             0.61905,             0.42827,             0.12491,            0.068896,            0.092255,                   0,           0.0015841,           0.0015841,            0.060884
                 204,            0.081375,             0.10967,                   0,             0.43307,             0.61905,             0.45088,              0.1199,            0.071672,              0.1046,                   0,           0.0015774,           0.0015774,            0.060677
                 205,            0.081776,             0.10684,                   0,             0.44403,             0.57143,             0.42606,            0.099741,            0.072305,             0.10327,                   0,           0.0015706,           0.0015706,            0.060471
                 206,            0.082216,             0.11579,                   0,             0.46654,             0.52381,             0.43855,             0.10382,            0.071056,            0.098503,                   0,           0.0015638,           0.0015638,            0.060264
                 207,            0.079424,              0.1027,                   0,              0.4812,             0.61836,             0.50652,             0.16122,            0.067067,            0.095869,                   0,           0.0015569,           0.0015569,            0.060057
                 208,            0.080683,            0.098643,                   0,             0.63242,             0.61905,             0.53231,             0.14282,            0.066768,             0.11555,                   0,             0.00155,             0.00155,             0.05985
                 209,            0.079468,             0.10623,                   0,             0.56205,             0.64286,             0.51027,             0.15696,            0.065304,             0.10876,                   0,           0.0015431,           0.0015431,            0.059643
                 210,            0.078231,            0.097085,                   0,             0.56763,             0.59393,             0.49788,             0.14861,            0.064232,             0.10165,                   0,           0.0015362,           0.0015362,            0.059436
                 211,            0.079784,            0.097036,                   0,             0.53784,             0.66667,             0.46633,             0.11534,            0.064501,             0.10274,                   0,           0.0015292,           0.0015292,            0.059229
                 212,             0.07663,             0.10058,                   0,             0.48029,             0.66667,             0.45613,             0.12479,            0.062933,             0.10786,                   0,           0.0015222,           0.0015222,            0.059022
                 213,             0.07811,             0.09236,                   0,             0.53839,             0.66667,             0.56159,              0.1631,            0.062002,            0.095348,                   0,           0.0015152,           0.0015152,            0.058815
                 214,            0.077142,            0.097109,                   0,             0.62132,             0.66667,             0.60755,             0.16816,            0.061612,            0.088279,                   0,           0.0015081,           0.0015081,            0.058608
                 215,            0.078053,            0.093865,                   0,             0.53936,             0.64286,             0.58068,              0.1688,            0.061968,            0.089805,                   0,           0.0015011,           0.0015011,            0.058401
                 216,            0.077483,             0.09396,                   0,             0.64272,             0.61905,             0.59451,             0.18816,            0.060202,            0.085031,                   0,            0.001494,            0.001494,            0.058194
                 217,            0.075093,            0.095604,                   0,              0.5904,             0.61905,             0.59251,             0.19333,            0.059632,            0.089126,                   0,           0.0014869,           0.0014869,            0.057987
                 218,            0.077373,            0.086545,                   0,             0.70162,             0.61905,             0.65659,             0.19222,            0.059123,            0.084137,                   0,           0.0014798,           0.0014798,             0.05778
                 219,            0.070082,            0.088958,                   0,             0.65828,             0.64214,              0.6242,             0.17969,            0.057718,            0.083894,                   0,           0.0014727,           0.0014727,            0.057573
                 220,            0.073315,            0.094507,                   0,             0.51723,             0.71425,             0.61377,             0.17288,            0.058221,            0.082403,                   0,           0.0014657,           0.0014657,            0.057366
                 221,            0.071136,             0.10612,                   0,              0.5521,             0.61905,             0.57723,             0.16131,            0.057605,            0.082954,                   0,           0.0014586,           0.0014586,            0.057159
                 222,            0.073166,            0.084098,                   0,             0.50973,             0.52381,             0.52254,              0.1249,            0.058294,            0.090174,                   0,           0.0014515,           0.0014515,            0.056952
                 223,            0.072745,            0.096249,                   0,             0.55813,             0.57143,             0.55273,             0.15612,            0.056807,            0.087265,                   0,           0.0014444,           0.0014444,            0.056744
                 224,            0.074564,             0.10056,                   0,             0.57021,             0.66667,             0.60865,             0.17904,             0.05695,            0.082276,                   0,           0.0014374,           0.0014374,            0.056537
                 225,            0.077284,            0.098811,                   0,             0.46411,             0.78361,             0.56503,             0.16297,             0.05687,            0.085494,                   0,           0.0014304,           0.0014304,             0.05633
                 226,             0.07131,            0.092364,                   0,             0.52604,             0.69048,             0.58558,             0.15511,            0.056441,            0.083098,                   0,           0.0014234,           0.0014234,            0.056123
                 227,            0.078139,             0.09252,                   0,             0.46646,             0.69048,             0.54336,             0.15757,            0.058036,             0.08482,                   0,           0.0014164,           0.0014164,            0.055916
                 228,            0.072317,            0.092816,                   0,             0.49055,             0.69048,             0.58291,             0.16107,            0.057481,            0.083046,                   0,           0.0014094,           0.0014094,            0.055709
                 229,            0.072667,            0.087887,                   0,             0.46144,               0.714,             0.60183,             0.18651,            0.058459,            0.082676,                   0,           0.0014025,           0.0014025,            0.055503
                 230,            0.075066,            0.096634,                   0,             0.47661,              0.7381,             0.59711,             0.18997,            0.057339,            0.081121,                   0,           0.0013956,           0.0013956,            0.055296
                 231,            0.076638,               0.113,                   0,             0.57968,                 0.5,             0.55745,             0.17807,            0.059114,            0.085347,                   0,           0.0013888,           0.0013888,            0.055089
                 232,            0.075703,             0.09889,                   0,             0.57111,             0.57143,             0.58912,              0.1837,            0.056334,             0.08037,                   0,            0.001382,            0.001382,            0.054882
                 233,             0.07472,            0.088684,                   0,             0.67554,             0.59524,             0.60296,             0.21631,            0.055512,            0.080101,                   0,           0.0013752,           0.0013752,            0.054675
                 234,            0.067954,            0.090606,                   0,             0.59382,             0.59524,             0.59695,             0.19825,             0.05501,            0.085491,                   0,           0.0013685,           0.0013685,            0.054469
                 235,            0.073843,            0.095322,                   0,              0.5458,             0.66667,             0.61882,             0.18565,            0.054978,            0.091815,                   0,           0.0013619,           0.0013619,            0.054262
                 236,            0.074831,             0.11093,                   0,             0.48979,             0.61716,             0.52896,             0.19205,             0.05569,            0.091592,                   0,           0.0013553,           0.0013553,            0.054055
                 237,            0.071164,             0.08867,                   0,             0.50553,             0.57143,             0.55049,             0.19912,            0.057373,            0.092652,                   0,           0.0013487,           0.0013487,            0.053849
                 238,            0.070852,             0.10066,                   0,             0.55963,             0.54762,                0.54,             0.15411,            0.059478,            0.089586,                   0,           0.0013422,           0.0013422,            0.053642
                 239,            0.075058,             0.11296,                   0,             0.64679,             0.57143,             0.57968,             0.19857,            0.057992,             0.08866,                   0,           0.0013358,           0.0013358,            0.053436
                 240,              0.0708,            0.098446,                   0,             0.63997,             0.59524,             0.58377,             0.20117,            0.057982,            0.085421,                   0,           0.0013295,           0.0013295,            0.053229
                 241,            0.068779,            0.085848,                   0,             0.61899,              0.6189,             0.63991,             0.20505,            0.055917,            0.080971,                   0,           0.0013232,           0.0013232,            0.053023
                 242,            0.069859,             0.09439,                   0,              0.5428,              0.7381,             0.64434,             0.20898,            0.055414,            0.079154,                   0,            0.001317,            0.001317,            0.052817
                 243,            0.068628,            0.081605,                   0,             0.58269,             0.83333,             0.70482,             0.28736,            0.053836,            0.078078,                   0,           0.0013108,           0.0013108,            0.052611
                 244,            0.070578,            0.089597,                   0,             0.78705,             0.61605,             0.72267,             0.29118,            0.053815,            0.077525,                   0,           0.0013048,           0.0013048,            0.052405
                 245,            0.068753,            0.091365,                   0,             0.76315,             0.69044,             0.73676,             0.28673,            0.053733,            0.077646,                   0,           0.0012989,           0.0012989,            0.052199
                 246,            0.070513,            0.099462,                   0,             0.63603,             0.66667,              0.7047,             0.27628,            0.054164,            0.076352,                   0,            0.001293,            0.001293,            0.051993
                 247,            0.069322,            0.095346,                   0,             0.67987,              0.7619,             0.76696,             0.29996,            0.052405,            0.076227,                   0,           0.0012872,           0.0012872,            0.051787
                 248,            0.070685,            0.084974,                   0,             0.70544,             0.69048,             0.73594,             0.30338,            0.052205,            0.076708,                   0,           0.0012815,           0.0012815,            0.051582
                 249,            0.071561,            0.098134,                   0,             0.78372,             0.69024,             0.74748,             0.27652,            0.053626,            0.077644,                   0,            0.001276,            0.001276,            0.051376
                 250,            0.067955,            0.095496,                   0,             0.62031,             0.66667,             0.63886,             0.19859,            0.056599,            0.076049,                   0,           0.0012705,           0.0012705,             0.05117
                 251,            0.070528,            0.089852,                   0,             0.65801,             0.68723,             0.68843,             0.24059,            0.054982,            0.082667,                   0,           0.0012651,           0.0012651,            0.050965
                 252,            0.072562,             0.11511,                   0,             0.65801,             0.68723,             0.68843,             0.24059,            0.054982,            0.082667,                   0,           0.0012599,           0.0012599,             0.05076
                 253,            0.068059,            0.086158,                   0,             0.76352,             0.61507,             0.71716,             0.23027,            0.053368,            0.078962,                   0,           0.0012547,           0.0012547,            0.050555
                 254,            0.072652,            0.093321,                   0,             0.62814,             0.52381,             0.55804,             0.20872,            0.055738,            0.084067,                   0,           0.0012497,           0.0012497,             0.05035
                 255,            0.071071,            0.097964,                   0,             0.62814,             0.52381,             0.55804,             0.20872,            0.055738,            0.084067,                   0,           0.0012448,           0.0012448,            0.050145
                 256,            0.067212,            0.090466,                   0,             0.44725,             0.82847,             0.61861,             0.27678,            0.052614,            0.086598,                   0,             0.00124,             0.00124,             0.04994
                 257,            0.071613,            0.093507,                   0,             0.56592,             0.49674,               0.487,             0.14633,            0.057996,             0.08721,                   0,           0.0012353,           0.0012353,            0.049735
                 258,            0.072615,             0.10141,                   0,             0.56592,             0.49674,               0.487,             0.14633,            0.057996,             0.08721,                   0,           0.0012308,           0.0012308,            0.049531
                 259,            0.068375,            0.084992,                   0,             0.73212,             0.52067,             0.60616,             0.25976,            0.053387,            0.086384,                   0,           0.0012264,           0.0012264,            0.049326
                 260,            0.067714,            0.086658,                   0,             0.63645,             0.54762,              0.5701,             0.21556,            0.054019,            0.079814,                   0,           0.0012222,           0.0012222,            0.049122
                 261,            0.066901,            0.085017,                   0,             0.63645,             0.54762,              0.5701,             0.21556,            0.054019,            0.079814,                   0,           0.0012181,           0.0012181,            0.048918
                 262,            0.065651,            0.088447,                   0,             0.76607,             0.54762,             0.64533,              0.2637,            0.053547,            0.079251,                   0,           0.0012141,           0.0012141,            0.048714
                 263,            0.068397,              0.0875,                   0,              0.7824,             0.51387,             0.63431,               0.228,            0.056389,            0.084784,                   0,           0.0012103,           0.0012103,             0.04851
                 264,            0.066999,            0.082798,                   0,              0.7824,             0.51387,             0.63431,               0.228,            0.056389,            0.084784,                   0,           0.0012066,           0.0012066,            0.048307
                 265,             0.06735,            0.093428,                   0,             0.81353,             0.52381,              0.6514,             0.24267,            0.057257,            0.086358,                   0,           0.0012031,           0.0012031,            0.048103
                 266,            0.069323,            0.079299,                   0,             0.80565,             0.59524,             0.72801,             0.28907,            0.051583,            0.090759,                   0,           0.0011997,           0.0011997,              0.0479
                 267,            0.069983,            0.095158,                   0,             0.80565,             0.59524,             0.72801,             0.28907,            0.051583,            0.090759,                   0,           0.0011965,           0.0011965,            0.047697
                 268,             0.06873,            0.086605,                   0,             0.62467,             0.71429,              0.7147,              0.2918,            0.050938,            0.088065,                   0,           0.0011935,           0.0011935,            0.047493
                 269,            0.070211,            0.092772,                   0,             0.65199,             0.71373,             0.68683,             0.25065,            0.051112,            0.081016,                   0,           0.0011906,           0.0011906,            0.047291
                 270,            0.066937,             0.09252,                   0,             0.65199,             0.71373,             0.68683,             0.25065,            0.051112,            0.081016,                   0,           0.0011879,           0.0011879,            0.047088
                 271,            0.067228,            0.086223,                   0,             0.68708,             0.78571,             0.71523,             0.25395,            0.051837,            0.079233,                   0,           0.0011854,           0.0011854,            0.046885
                 272,            0.066311,            0.084216,                   0,             0.77669,             0.66667,              0.7445,             0.27644,            0.052331,            0.080869,                   0,            0.001183,            0.001183,            0.046683
                 273,            0.066109,            0.092048,                   0,             0.77669,             0.66667,              0.7445,             0.27644,            0.052331,            0.080869,                   0,           0.0011809,           0.0011809,            0.046481
                 274,            0.067536,              0.0906,                   0,             0.69875,             0.66667,             0.71698,             0.23674,            0.054092,            0.082147,                   0,           0.0011789,           0.0011789,            0.046279
                 275,            0.068051,            0.090007,                   0,             0.64402,             0.69048,             0.69276,             0.29495,            0.051645,            0.078252,                   0,           0.0011771,           0.0011771,            0.046077
                 276,            0.067003,            0.099601,                   0,             0.64402,             0.69048,             0.69276,             0.29495,            0.051645,            0.078252,                   0,           0.0011755,           0.0011755,            0.045875
                 277,             0.06516,            0.090298,                   0,             0.73136,             0.71429,             0.77593,             0.33152,            0.050947,            0.079508,                   0,           0.0011741,           0.0011741,            0.045674
                 278,            0.067122,            0.072835,                   0,             0.60967,             0.71429,             0.69643,             0.29084,            0.051557,            0.082051,                   0,           0.0011729,           0.0011729,            0.045473
                 279,            0.066148,            0.089004,                   0,             0.60967,             0.71429,             0.69643,             0.29084,            0.051557,            0.082051,                   0,           0.0011719,           0.0011719,            0.045272
                 280,             0.06839,            0.084631,                   0,             0.59764,              0.7381,             0.68845,             0.28405,            0.051618,            0.079459,                   0,            0.001171,            0.001171,            0.045071
                 281,            0.065431,             0.09016,                   0,             0.70083,             0.61905,             0.67348,             0.26869,            0.050857,             0.10162,                   0,           0.0011704,           0.0011704,             0.04487
                 282,            0.067821,            0.086892,                   0,             0.70083,             0.61905,             0.67348,             0.26869,            0.050857,             0.10162,                   0,             0.00117,             0.00117,             0.04467
                 283,            0.064896,            0.083991,                   0,             0.77454,             0.66667,             0.75827,             0.29938,            0.050763,            0.081336,                   0,           0.0011698,           0.0011698,             0.04447
                 284,            0.065977,            0.092967,                   0,             0.59928,             0.71429,             0.65927,             0.26743,            0.052563,            0.073905,                   0,           0.0011699,           0.0011699,             0.04427
                 285,             0.06777,            0.087893,                   0,             0.59928,             0.71429,             0.65927,             0.26743,            0.052563,            0.073905,                   0,           0.0011701,           0.0011701,             0.04407
                 286,            0.068596,            0.092065,                   0,             0.58138,              0.7619,             0.63058,              0.2464,            0.053542,            0.073022,                   0,           0.0011706,           0.0011706,            0.043871
                 287,            0.068204,            0.089657,                   0,             0.61197,             0.64286,             0.61237,             0.20712,            0.054699,             0.07218,                   0,           0.0011713,           0.0011713,            0.043671
                 288,            0.067682,            0.098893,                   0,             0.61197,             0.64286,             0.61237,             0.20712,            0.054699,             0.07218,                   0,           0.0011722,           0.0011722,            0.043472
                 289,            0.065671,            0.095267,                   0,             0.54818,             0.80886,             0.67653,              0.2784,            0.052667,            0.071796,                   0,           0.0011733,           0.0011733,            0.043273
                 290,            0.066684,            0.090378,                   0,              0.5422,             0.76138,             0.65555,             0.28755,            0.052594,            0.071201,                   0,           0.0011747,           0.0011747,            0.043075
                 291,            0.068994,            0.092812,                   0,              0.5422,             0.76138,             0.65555,             0.28755,            0.052594,            0.071201,                   0,           0.0011763,           0.0011763,            0.042876
                 292,            0.066156,            0.095065,                   0,             0.54015,             0.78571,             0.66427,              0.2656,            0.053543,            0.071393,                   0,           0.0011782,           0.0011782,            0.042678
                 293,            0.064955,            0.083855,                   0,             0.65661,             0.78571,             0.75393,             0.32652,            0.049931,            0.071476,                   0,           0.0011803,           0.0011803,             0.04248
                 294,            0.067637,             0.10099,                   0,             0.65661,             0.78571,             0.75393,             0.32652,            0.049931,            0.071476,                   0,           0.0011826,           0.0011826,            0.042283
                 295,            0.066692,            0.091604,                   0,             0.82006,              0.7619,             0.81687,             0.36034,            0.050133,            0.073419,                   0,           0.0011852,           0.0011852,            0.042085
                 296,            0.063232,            0.085167,                   0,             0.73109,             0.78571,             0.73028,             0.33995,            0.048844,            0.072862,                   0,           0.0011881,           0.0011881,            0.041888
                 297,            0.064092,            0.079579,                   0,             0.73109,             0.78571,             0.73028,             0.33995,            0.048844,            0.072862,                   0,           0.0011912,           0.0011912,            0.041691
                 298,            0.066328,            0.085133,                   0,             0.66368,             0.79887,             0.73681,             0.35887,            0.050397,            0.072503,                   0,           0.0011945,           0.0011945,            0.041495
                 299,            0.063341,             0.10181,                   0,             0.77759,             0.83243,             0.80076,             0.35722,            0.049003,            0.074297,                   0,           0.0011981,           0.0011981,            0.041298
